Date,employees,GDP,monthly_supply,Population,mortgage_rate,deliquency_rate,Cpi,new_permits,target_house_price,total_construction_spending
2004-04-01,131409,12112.815,4.0,293103,5.52,15518.454,186.300,4399.73603420204,145.058,967602
2004-05-01,131693,12305.307,3.8,293350,5.79,14663.15,186.700,4671.297875477280,146.592,974381
2004-06-01,131789,12527.214,3.9,293603,5.89,15585.007,187.100,5153.01884211499,148.185,983087
2004-07-01,131850,12767.286,4.5,293857,5.94,16038.281,187.400,4963.83256560623,149.85,1006184
2004-08-01,131936,12922.656,4.3,294104,6.01,14750.352,188.200,4937.87866259571,151.33700000000000,1013616
2004-09-01,132083,13142.642,4.1,294337,6.12,15445.065,188.900,4552.85084797573,152.63300000000000,1012080
2004-10-01,132435,13324.204,3.9,294561,6.34,19632.499,189.100,4549.56268593471,154.17700000000000,1015719
2004-11-01,132509,13599.16,4.3,294768,6.30,21047.025,189.200,5700.63502857826,155.75,1022994
2004-12-01,132633,13753.424,4.1,294955,6.32,19770.629,189.800,4791.251573390780,157.526,1037480
2005-01-01,132779,13870.188,4.4,295149,6.28,19875.509,190.8,4452.7822364964600,159.329,1046082
2005-02-01,133033,14039.56,4.3,295359,6.30,21101.586,191.700,4896.6074718091000,161.287,1066848
2005-03-01,133154,14215.651,4.1,295582,6.32,22274.529,191.700,4484.33212716116,163.343,1071745
2005-04-01,133515,14402.082,4.3,295824,6.25,21918.176,191.600,5546.875662076600,165.812,1081012
2005-05-01,133687,14564.117,4.2,296077,6.21,22507.406,192.400,4820.77042879034,167.50100000000000,1093341
2005-06-01,133939,14715.058,4.3,296338,6.01,26080.553,193.100,5395.643752377590,169.35,1105896
2005-07-01,134297,14706.538,4.2,296606,6.00,31514.875,193.700,4677.83270110029,171.19,1119101
2005-08-01,134495,14865.701,4.5,296857,5.98,33867.537,193.600,5039.57566270538,172.859,1129163
2005-09-01,134552,14898.999,4.7,297089,6.08,35221.661,193.700,6116.07101027725,174.44300000000000,1148438
2005-10-01,134646,14608.209,4.5,297311,5.99,46588.192,194.900,3712.9594003221200,176.437,1160831
2005-11-01,135001,14430.902,5.0,297526,5.85,74846.247,196.100,5489.00279896549,178.02600000000000,1172090
2005-12-01,135160,14381.236,4.9,297734,5.81,90942.277,198.800,4630.70609565572,179.68,1184677
2006-01-01,135425,14448.882,5.3,297950,5.82,98825.22,199.100,5239.632732859410,180.90900000000000,1195642
2006-02-01,135732,14651.249,6.1,298170,5.77,109537.779,198.100,5634.31660976978,182.32,1205639
2006-03-01,136041,14764.61,5.9,298401,5.83,129902.812,198.100,5255.58950092718,183.287,1205169
2006-04-01,136210,14980.193,6.3,298653,5.75,143738.191,199.300,4249.44165185891,184.364,1193296
2006-05-01,136247,15141.607,6.2,298910,5.70,133273.993,199.400,4679.6117842144400,184.328,1180581
2006-06-01,136328,15309.474,6.3,299178,5.72,131318.446,199.700,4196.59072821614,184.155,1172128
2006-07-01,136522,15351.448,7.3,299452,5.82,129038.284,200.700,4022.8114363780800,183.50600000000000,1157926
2006-08-01,136688,15557.539,6.7,299710,5.74,125934.097,201.300,6166.81060568573,183.06600000000000,1145907
2006-09-01,136825,15647.68,6.7,299950,5.69,121928.906,201.800,4388.08441988687,182.595,1135753
2006-10-01,136849,15842.259,7.3,300178,5.64,126916.807,202.900,4203.35594315526,182.798,1122914
2006-11-01,137068,16068.805,6.6,300398,5.70,133583.05,203.800,3219.2850776331,183.197,1121749
2006-12-01,137251,16207.115,6.5,300608,5.76,131691.992,202.800,4428.50378496615,183.608,1135406
2007-01-01,137475,16319.541,7.2,300823,5.74,128075.144,201.900,5323.2919018762400,184.138,1137917
2007-02-01,137556,16420.419,7.9,301045,5.72,130111.453,202.000,4319.28506746748,184.515,1139032
2007-03-01,137782,16648.189,7.9,301278,5.81,123665.56,203.100,5500.5913596890000,184.597,1146624
2007-04-01,137842,16728.687,7.4,301528,5.71,119802.795,203.437,4781.6429528442000,184.149,1150590
2007-05-01,137993,16953.838,7.8,301790,5.68,109334.587,204.226,4510.40971662631,183.00900000000000,1161581
2007-06-01,138072,17192.019,8.2,302064,5.75,99745.645,205.288,4288.317699395530,181.6,1163511
2007-07-01,138042,17197.738,8.3,302334,5.81,96664.764,205.904,5015.809990996290,180.253,1155448
2007-08-01,138017,17518.508,9.2,302590,5.77,89401.877,206.755,4326.61075076042,179.109,1159077
2007-09-01,138103,17804.228,9.2,302834,5.74,83260.119,207.234,4249.24376270912,178.11600000000000,1158580
2007-10-01,138175,17912.079,8.5,303062,5.67,79330.275,207.603,5123.92967756586,177.55600000000000,1152491
2007-11-01,138291,18063.529,9.4,303280,5.66,75601.168,207.667,3950.5812931831,176.623,1132908
2007-12-01,138396,18279.784,9.6,303494,5.63,68793.74,208.547,4390.10806825361,175.146,1115141
2008-01-01,138397,18401.626,9.3,303707,5.57,62937.676,209.190,3763.3845877184200,174.34100000000000,1111347
2008-02-01,138326,18435.137,9.7,303926,5.62,60293.411,210.834,3661.4647022765000,173.13100000000000,1096648
2008-03-01,138256,18525.933,10.5,304157,5.69,60737.651,211.445,2163.31168265765,171.53900000000000,1103446
2008-04-01,138037,18711.702,10.3,304396,5.79,56682.34,212.174,3507.8388231344900,170.051,1101252
2008-05-01,137847,18892.639,10.7,304646,5.85,52738.251,212.687,5686.04188675333,168.33600000000000,1101547
2008-06-01,137689,19089.379,10.7,304903,5.95,52730.627,213.448,12942.794224493900,166.657,1090098
2008-07-01,137492,19280.084,10.5,305158,6.01,53770.142,213.942,3826.0885872093400,165.016,1086952
2008-08-01,137209,19438.643,11.3,305403,6.04,49951.038,215.208,2416.31490542008,163.564,1070075
2008-09-01,136759,19692.595,10.9,305620,5.93,46153.783,217.463,3224.16554718523,161.987,1059579
2008-10-01,136294,20037.088,11.6,305827,5.91,47122.093,219.016,1975.28131849849,160.306,1055959
2008-11-01,135546,20328.553,11.4,306035,5.80,51049.547,218.690,1597.4177659326100,158.326,1035033
2008-12-01,134848,20580.912,11.2,306237,5.78,47682.911,218.877,1440.08131447857,156.141,999139
2009-01-01,134066,20798.73,12.2,306438,5.75,42741.863,216.995,1451.3017048062300,153.618,975099
2009-02-01,133314,20917.867,10.5,306645,5.77,41618.367,213.153,1219.9986745414,151.507,971708
2009-03-01,132494,21104.133,11.0,306863,5.71,42132.342,211.398,1268.46385799425,150.015,963793
2009-04-01,131825,21384.775,10.7,307090,5.65,40153.61,211.933,1435.8973780774700,148.66,932482
2009-05-01,131470,21694.282,9.3,307322,5.62,37596.802,212.705,1311.93848148946,147.947,920020
2009-06-01,131003,21902.39,8.5,307570,5.56,38146.251,212.495,1437.09275183818,147.692,912530
2009-07-01,130661,21706.513,7.9,307826,5.63,40154.297,212.709,1428.23601947914,148.088,911438
2009-08-01,130480,19913.143,7.5,308071,5.57,37854.203,213.022,1508.41398109021,148.407,900112
2009-09-01,130241,21647.64,7.8,308289,5.53,41394.055,214.790,1511.5030924601800,148.27700000000000,887241
2009-10-01,130061,22024.502,7.4,308495,5.62,43496.157,214.726,1227.2279759564100,148.024,871391
2009-11-01,130059,22600.185,7.6,308706,5.66,44205.109,215.445,1600.0730947633700,147.85,858493
2009-12-01,129807,23292.362,8.0,308904,5.73,41561.071,215.861,1561.15181434307,148.135,842609
2010-01-01,129795,23828.973,8.1,309095,5.77,35270.621,216.509,1029.38981566649,147.928,822114
2010-02-01,129702,24654.603,8.3,309289.0,5.82,33898.048,217.234,1734.42541092898,147.39600000000000,814885
2010-03-01,129865,25029.116,7.1,309485.0,5.89,35475.423,217.347,1792.45895311099,145.631,821849
2010-04-01,130115,25544.273,6.2,309691.0,5.80,32814.912,217.488,1653.76280619104,145.858,829664
2010-05-01,130645,25994.639,9.3,309913.0,5.77,31062.131,217.281,1620.08762201911,146.403,823447
2010-06-01,130501,26408.405,8.3,310146.0,5.71,32229.994,217.353,2012.6090347425,146.394,821943
2010-07-01,130420,26813.601,8.9,310385.0,5.71,35439.668,217.403,1608.83780510004,145.72,799694
2010-08-01,130423,27063.012,8.8,310612.0,5.74,34448.004,217.290,1470.63561011523,144.989,802030
2010-09-01,130340,27610.128,7.6,310820.0,5.80,31589.152,217.199,1649.80268661173,143.914,807728
2010-10-01,130620,27956.998,8.2,311020.0,5.91,33319.998,217.605,1587.16493438385,143.017,801372
2010-11-01,130754,28255.928,8.2,311204.0,5.98,36479.929,217.923,1442.87592694423,142.528,804151
2010-12-01,130836,GDP,7.0,311373.0,6.03,36844.036,218.275,2865.84784263271,142.16900000000000,789395
2011-01-01,130839,12112.815,7.3,311551.0,6.10,QBPLNTLN90DU,219.035,1742.68739699368,142.056,759964
2011-02-01,131054,12305.307,8.1,311740.0,6.15,15518.454,219.590,1609.53562052935,141.518,758376
2011-03-01,131278,12527.214,7.2,311935.0,6.31,14663.15,220.472,1482.46337360431,140.345,769157
2011-04-01,131604,12767.286,6.7,312147.0,6.36,15585.007,221.187,1459.12541215465,139.977,769437
2011-05-01,131704,12922.656,6.6,312372.0,6.37,16038.281,221.898,2569.37443813392,140.00800000000000,775251
2011-06-01,131936,13142.642,6.6,312605.0,6.28,14750.352,223.046,1888.77228694786,139.904,794839
2011-07-01,131992,13324.204,6.7,312842.0,6.26,15445.065,224.093,1375.9391422144500,139.861,792381
2011-08-01,132123,13599.16,6.5,313060.0,6.32,19632.499,224.806,1819.6646892239500,139.73,811953
2011-09-01,132346,13753.424,6.3,313260.0,6.30,21047.025,224.806,1593.8473339174800,139.308,813660
2011-10-01,132557,13870.188,6.0,313454.0,6.26,19770.629,225.395,1679.4048875330800,138.667,808378
2011-11-01,132701,14039.56,5.7,313636.0,6.22,19875.509,226.106,2022.4618262352800,137.951,812050
2011-12-01,132902,14215.651,5.3,313811.0,6.21,21101.586,226.597,1591.59036867873,137.15,821367
2012-01-01,133243,14402.082,5.3,313993.0,6.15,22274.529,226.750,1715.2745852430900,136.673,830610
2012-02-01,133521,14564.117,4.8,314176.0,6.10,21918.176,227.169,2262.16097899203,136.606,824368
2012-03-01,133745,14715.058,4.9,314368.0,6.12,22507.406,227.223,2072.9317703370200,136.531,829288
2012-04-01,133828,14706.538,4.9,314576.0,6.23,26080.553,227.842,2302.02350670256,137.90200000000000,841740
2012-05-01,133935,14865.701,4.7,314796.0,6.24,31514.875,228.329,2222.13657455806,139.15200000000000,850928
2012-06-01,134008,14898.999,4.8,315031.0,6.28,33867.537,228.807,1322.57205230728,140.154,858009
2012-07-01,134153,14608.209,4.6,315264.0,6.26,35221.661,229.187,2229.99829045103,141.03,858934
2012-08-01,134329,14430.902,4.6,315485.0,6.24,46588.192,228.713,2145.78911574825,141.67,862726
2012-09-01,134512,14381.236,4.5,315692.0,6.37,74846.247,228.524,2243.70731127698,142.28,866588
2012-10-01,134672,14448.882,4.9,315877.0,6.34,90942.277,228.590,2512.08766137496,142.907,875366
2012-11-01,134831,14651.249,4.6,316038.0,6.32,98825.22,229.918,1869.9277688572600,143.59800000000000,872052
2012-12-01,135074,14764.61,4.5,316191.0,6.35,109537.779,231.015,2002.46142135625,144.582,871809
2013-01-01,135263,14980.193,4.0,316357.0,6.43,129902.812,231.638,2514.1240336618600,145.499,862722
2013-02-01,135548,15141.607,4.1,316535.0,6.49,143738.191,231.249,2154.90155624013,146.82400000000000,873583
2013-03-01,135690,15309.474,4.2,316729.0,6.53,133273.993,231.221,2082.32098038241,147.781,864510
2013-04-01,135876,15351.448,4.4,316934.0,6.58,131318.446,231.679,2479.51920887065,149.961,879728
2013-05-01,136090,15557.539,4.6,317156.0,6.59,129038.284,232.937,2396.76401524212,151.518,888752
2013-06-01,136269,15647.68,4.1,317397.0,6.58,125934.097,232.282,2603.61543445709,152.85,899295
2013-07-01,136391,15842.259,5.5,317635.0,6.60,121928.906,231.797,2573.54763525307,154.202,917756
2013-08-01,136634,16068.805,5.5,317864.0,6.62,126916.807,231.893,3634.2077177384800,155.607,929061
2013-09-01,136819,16207.115,5.4,318076.0,6.67,133583.05,232.445,2671.3250724645,156.963,938121
2013-10-01,137039,16319.541,4.9,318276.0,6.62,131691.992,232.900,2993.6743585954000,158.225,951214
2013-11-01,137312,16420.419,5.0,318464.0,6.63,128075.144,233.456,2825.9086393003000,159.24,964122
2013-12-01,137367,16648.189,5.2,318642.0,6.71,130111.453,233.544,3814.05814999303,160.07300000000000,979211
2014-01-01,137551,16728.687,5.1,318827.0,6.78,123665.56,233.669,1378.3326614498,160.993,986587
2014-02-01,137710,16953.838,5.3,319020.0,6.79,119802.795,234.100,3216.93957234283,161.924,987538
2014-03-01,137987,17192.019,5.6,319225.0,6.74,109334.587,234.719,5889.807500020910,162.523,991157
2014-04-01,138298,17197.738,5.7,319438.0,6.80,99745.645,235.288,3042.7086645867100,163.084,1006901
2014-05-01,138500,17518.508,5.2,319670.0,6.72,96664.764,235.547,3182.7759686338200,163.39,1007147
2014-06-01,138833,17804.228,5.7,319919.0,6.63,89401.877,236.028,1887.4621253614400,163.656,1006424
2014-07-01,139076,17912.079,6.2,320166.0,6.55,83260.119,236.468,3273.9352081763400,164.067,1014935
2014-08-01,139257,18063.529,5.4,320403.0,6.52,79330.275,236.918,2645.09550696375,164.58700000000000,1015096
2014-09-01,139564,18279.784,5.4,320616.0,6.48,75601.168,237.231,3770.2332481705100,165.21200000000000,1021890
2014-10-01,139804,18401.626,5.3,320815.0,6.44,68793.74,237.498,2334.49889740624,165.903,1046402
2014-11-01,140088,18435.137,5.7,320997.0,6.47,62937.676,237.460,3019.7039415011,166.639,1044893
2014-12-01,140366,18525.933,5.1,321164.0,6.43,60293.411,237.477,2713.60756567337,167.332,1056429
2015-01-01,140562,18711.702,4.8,321344.0,6.40,60737.651,237.430,2680.38250204938,168.047,1061241.0
2015-02-01,140831,18892.639,4.5,321538.0,6.31,56682.34,236.983,2531.16896396531,168.627,1072895.0
2015-03-01,140925,19089.379,5.1,321740.0,6.30,52738.251,236.252,5748.60453589011,169.12400000000000,1086748.0
2015-04-01,141202,19280.084,4.9,321954.0,6.37,52730.627,234.747,7023.87416655506,169.795,1115619.0
2015-05-01,141539,19438.643,5.0,322186.0,6.36,53770.142,235.342,15546.626091361400,170.293,1135433.0
2015-06-01,141695,19692.595,5.4,322427.0,6.40,49951.038,235.976,14751.4149643828,170.87600000000000,1158193.0
2015-07-01,141989,20037.088,5.2,322670.0,6.31,46153.783,236.222,3312.1611837567200,171.477,1154561.0
2015-08-01,142130,20328.553,5.0,322901.0,6.33,47122.093,237.001,2631.70141004547,172.148,1164377.0
2015-09-01,142265,20580.912,5.9,323113.0,6.24,51049.547,237.657,2398.0936845824800,172.93100000000000,1163937.0
2015-10-01,142584,20798.73,5.6,323318.0,6.18,47682.911,238.034,3306.2094167696200,173.824,1151533.0
2015-11-01,142810,20917.867,5.5,323509.0,6.14,42741.863,238.033,3326.6934510638200,174.78900000000000,1145510.0
2015-12-01,143083,21104.133,5.1,323687.0,6.11,41618.367,237.498,8366.88722854452,175.735,1156354.0
2016-01-01,143196,21384.775,5.6,323871.0,6.12,42132.342,237.733,1200.10967448887,176.537,1160988.0
2016-02-01,143411,21694.282,5.5,324061.0,6.13,40153.61,238.017,2685.0459532960600,177.262,1172851.0
2016-03-01,143666,21902.39,5.5,324260.0,6.18,37596.802,237.761,2140.5176957707100,177.641,1188776.0
2016-04-01,143856,21706.513,5.0,324476.0,6.18,38146.251,237.652,1940.2007171710400,178.15600000000000,1185902.0
2016-05-01,143901,19913.143,5.1,324697.0,6.21,40154.297,237.336,2793.91284878586,178.75900000000000,1190685.0
2016-06-01,144152,21647.64,5.3,324924.0,6.23,37854.203,238.080,3496.11187637254,179.42,1217604.0
2016-07-01,144515,22024.502,4.5,325155.0,6.25,41394.055,238.992,2571.2702985492900,180.09,1214532.0
2016-08-01,144664,22600.185,5.0,325368.0,6.34,43496.157,239.557,3151.80538890293,180.85,1221250.0
2016-09-01,144961,23292.362,5.2,325562.0,6.28,44205.109,240.222,4312.064898736,181.84,1232438.0
2016-10-01,145069,23828.973,5.2,325742.0,6.30,41561.071,240.101,2792.04213098609,182.813,1241100.0
2016-11-01,145188,24654.603,5.2,325901.0,6.22,35270.621,240.545,2754.0324140009,183.743,1264881.0
2016-12-01,145410,25029.116,5.4,326050.0,6.18,33898.048,241.176,2980.4005152244100,184.753,1270443.0
2017-01-01,145636,25544.273,5.4,326207.0,6.14,35475.423,241.741,4923.56452237835,185.71600000000000,1254583.0
2017-02-01,145848,25994.639,5.3,326371.0,6.14,32814.912,242.026,2553.4512367094600,186.796,1275911.0
2017-03-01,145976,26408.405,5.0,326548.0,6.16,31062.131,242.637,3635.81977901823,187.31400000000000,1272724.0
2017-04-01,146173,26813.601,5.4,326743.0,6.16,32229.994,243.618,4053.3138191643900,187.99100000000000,1269079.0
2017-05-01,146389,27063.012,5.1,326939.0,6.17,35439.668,244.006,3062.46734165058,188.72100000000000,1282926.0
2017-06-01,146588,27610.128,5.3,327140.0,6.22,34448.004,243.892,2618.21579426598,189.61,1277352.0
2017-07-01,146772,27956.998,5.8,327342.0,6.17,31589.152,244.193,2617.3427636973900,190.519,1275888.0
2017-08-01,146907,28255.928,6.1,327528.0,6.16,33319.998,244.004,3270.53607527055,191.465,1274974.0
2017-09-01,146999,GDP,5.3,327699.0,6.16,36479.929,244.163,3703.0884737228200,192.649,1281172.0
2017-10-01,147146,12112.815,5.5,327848.0,6.15,36844.036,244.243,3254.53222968529,193.745,1283266.0
2017-11-01,147375,12305.307,4.8,327969.0,6.21,QBPLNTLN90DU,245.183,2462.10954197236,194.792,1308896.0
2017-12-01,147521,12527.214,5.6,328085.0,6.37,15518.454,246.435,3723.73073167016,195.945,1313666.0
2018-01-01,147667,12767.286,6.0,328219.0,6.42,14663.15,246.626,2425.2728963491400,197.16400000000000,1336469.0
2018-02-01,148054,12922.656,5.7,328364.0,6.53,15585.007,247.284,3265.5217787998,198.301,1355105.0
2018-03-01,148280,13142.642,5.2,328521.0,6.74,16038.281,247.805,4199.33560379515,199.22800000000000,1344968.0
2018-04-01,148426,13324.204,5.6,328692.0,6.69,14750.352,248.859,2237.75330575004,199.967,1355101.0
2018-05-01,148755,13599.16,5.5,328863.0,6.67,15445.065,249.529,5330.99193285973,200.662,1362364.0
2018-06-01,148968,13753.424,5.8,329040.0,6.63,19632.499,249.577,2772.02239313576,201.42700000000000,1343214.0
2018-07-01,149023,13870.188,6.0,329216.0,6.73,21047.025,250.227,3694.5397024302,202.24100000000000,1336631.0
2018-08-01,149274,14039.56,6.5,329379.0,6.73,19770.629,250.792,2733.87131508738,202.912,1340449.0
2018-09-01,149361,14215.651,6.6,329527.0,6.69,19875.509,251.018,2295.26143263138,203.66100000000000,1326111.0
2018-10-01,149525,14402.082,7.2,329659.0,6.68,21101.586,251.214,2817.2435496648300,204.322,1310946.0
2018-11-01,149622,14564.117,6.4,329766.0,6.59,22274.529,251.663,3291.2169522578500,205.08900000000000,1300694.0
2018-12-01,149804,14715.058,7.6,329862.0,6.62,21918.176,252.182,2830.11293085831,205.66100000000000,1289930.0
2019-01-01,150062,14706.538,7.0,329977.0,6.52,22507.406,252.772,4014.5007037351900,206.148,1296049.0
2019-02-01,150067,14865.701,6.3,330103.0,6.45,26080.553,252.594,4005.8212896672600,206.53900000000000,1312040.0
2019-03-01,150294,14898.999,5.6,330240.0,6.46,31514.875,252.767,2985.30632480469,206.864,1322532.0
2019-04-01,150602,14608.209,5.7,330393.0,6.31,33867.537,252.561,3767.9894851834300,207.08600000000000,1353657.0
2019-05-01,150640,14430.902,6.5,330553.0,6.34,35221.661,253.319,2906.2009904305800,207.537,1364421.0
2019-06-01,150844,14381.236,5.4,330729.0,6.42,46588.192,254.277,3096.7364097052200,208.15100000000000,1383309.0
2019-07-01,150934,14448.882,6.1,330904.0,6.37,74846.247,255.233,3354.02762542784,208.643,1410749.0
2019-08-01,151155,14651.249,5.5,331066.0,6.40,90942.277,255.296,3469.00839638448,209.24900000000000,1426091.0
2019-09-01,151358,14764.61,5.4,331213.0,6.40,98825.22,255.213,3260.59689330333,210.02900000000000,1438119.0
2019-10-01,151458,14980.193,5.3,331345.0,6.33,109537.779,255.802,4136.2284897544500,210.85,1442150.0
2019-11-01,151666,15141.607,5.4,331443.0,6.26,129902.812,256.036,4819.13315204192,211.75100000000000,1463036.0
2019-12-01,151792,15309.474,5.5,331525.0,6.24,143738.191,256.430,4029.48723441379,212.78800000000000,1466415.0
2020-01-01,152045,15351.448,5.7,331642.0,6.24,133273.993,257.155,4882.39606791812,213.94400000000000,1494117.0
2020-02-01,152309,15557.539,5.6,331699.0,6.20,131318.446,257.879,2849.4341937929600,215.02900000000000,1501790.0
2020-03-01,150898,15647.68,6.4,331701.0,6.10,129038.284,258.630,2218.90183401915,215.893,1506335.0
2020-04-01,130421,15842.259,6.7,331744.0,5.96,125934.097,258.906,1095.4480957327700,216.455,1460471.0
2020-05-01,133040,16068.805,5.3,331811.0,6.11,121928.906,259.246,2750.35176592867,216.856,1452086.0
2020-06-01,137655,16207.115,4.0,331885.0,6.14,126916.807,258.150,3179.8526952766500,216.99900000000000,1459188.0
2020-07-01,139240,16319.541,3.5,331966.0,6.17,133583.05,256.126,3508.09536207865,217.57,1470971.0
2020-08-01,140774,16420.419,3.3,332041.0,6.07,131691.992,255.848,2656.9940968129600,219.28,1489640.0
2020-09-01,141820,16648.189,3.5,332079.0,5.87,128075.144,257.004,4784.73749725514,222.265,1510182.0
2020-10-01,142493,16728.687,3.3,332062.0,5.69,130111.453,258.408,3467.1088843455900,225.74200000000000,1534900.0
2020-11-01,142761,16953.838,3.9,332007.0,5.48,123665.56,259.366,3296.95439525224,229.685,1550976.0
2020-12-01,142518,17192.019,4.1,331983.0,5.68,119802.795,259.951,3635.4038507740400,233.248,1572760.0
2021-01-01,142916,17197.738,4.1,332023.0,5.67,109334.587,260.249,4009.69668107704,236.555,1606561.0
2021-02-01,143443,17518.508,4.8,332089.0,5.72,99745.645,260.895,3784.97747454,239.68,1585044.0
2021-03-01,144274,17804.228,4.3,332161.0,6.04,96664.764,262.005,3226.18700086852,242.419,1613045.0
2021-04-01,144593,17912.079,4.6,332249.0,6.24,89401.877,262.518,3157.797131487,245.545,1615638.0
2021-05-01,145044,18063.529,5.5,332375.0,6.03,83260.119,263.583,3763.01634234221,249.123,1628281.0
2021-06-01,145822,18279.784,6.0,332506.0,6.13,79330.275,264.910,3552.71835162644,253.41300000000000,1639779.0
2021-07-01,146761,18401.626,6.0,332610.0,5.87,75601.168,266.752,2810.72916065308,258.23,1658346.0
2021-08-01,147226,18435.137,6.5,332708.0,5.85,68793.74,268.452,3902.7902979931100,262.603,1666756.0
2021-09-01,147706,18525.933,6.2,332806.0,5.88,62937.676,270.664,3202.04816054808,266.593,1667332.0
2021-10-01,148566,18711.702,6.7,332891.0,5.88,60293.411,271.994,3213.85509311438,270.197,1685243.0
2021-11-01,149197,18892.639,5.9,332933.0,5.88,60737.651,272.789,4157.01724358475,273.603,1726586.0
2021-12-01,149763,19089.379,5.6,332972.0,6.03,56682.34,273.887,3383.2467451794900,277.309,1754426.0
2022-01-01,150014,19280.084,5.9,333067.0,6.06,52738.251,276.434,3291.38930896914,281.506,1796460.0
2022-02-01,150876,19438.643,6.1,333191.0,6.05,52730.627,278.799,3766.89672094568,286.173,1823728.0
2022-03-01,151370,19692.595,6.9,333317.0,6.01,53770.142,280.808,6912.09574921444,291.223,1849637.0
2022-04-01,151642,20037.088,8.2,333451.0,5.98,49951.038,282.390,3895.7908384389,296.52300000000000,1882753.0
2022-05-01,151928,20328.553,8.1,333599.0,6.08,46153.783,284.535,3288.61218436825,300.595,1880896.0
2022-06-01,152348,20580.912,9.9,333762.0,6.09,47122.093,287.553,4155.51983703746,303.702,1873184.0
2022-07-01,153038,20798.73,10.6,333925.0,6.32,51049.547,288.764,3555.8459360484000,304.45600000000000,1869262.0
2022-08-01,153281,20917.867,8.6,334071.0,6.42,47682.911,291.359,3266.88937654158,303.504,1847285.0
2022-09-01,153536,21104.133,9.9,334206.0,6.45,42741.863,294.996,3227.0542123501400,301.066,1836930.0
2022-10-01,153897,21384.775,9.7,334326.0,6.35,41618.367,294.977,2354.2279854579400,299.069,1830477.0
2022-11-01,154155,21694.282,9.2,334433.0,6.37,42132.342,295.209,2083.90237731855,298.699,1842206.0
2022-12-01,154291,21902.39,8.6,334544.0,6.26,40153.61,296.341,2470.90877669603,298.402,1840896.0
2023-01-01,154773,21706.513,8.3,334664.0,6.63,37596.802,297.863,1463.36586624793,297.658,1882199.0
2023-02-01,155060,19913.143,8.4,334792.0,6.52,38146.251,298.648,2363.17222629037,297.432,1889562.0
2023-03-01,155206,21647.64,8.1,334929.0,6.52,40154.297,298.812,4375.49195535548,297.7,1901401.0
2023-04-01,155484,22024.502,7.5,335080.0,6.52,37854.203,300.356,2153.15890225171,298.8,1907837.0
2023-05-01,155787,22600.185,6.9,335248.0,6.47,41394.055,301.509,2433.87798027433,300.297,1946733.0
2023-06-01,156027,23292.362,7.7,335431.0,6.40,43496.157,301.744,1749.94363500364,302.476,1956226.0
2023-07-01,156211,23828.973,7.3,335612.0,6.35,44205.109,303.032,1825.7650842200200,304.323,1969005.0
2023-08-01,156421,24654.603,7.9,335773.0,5.93,41561.071,303.365,2142.63988182946,306.44,2010143.0
2023-09-01,156667,25029.116,7.5,335925.0,5.78,35270.621,304.003,1517.2711297981300,308.858,2017510.0
2023-10-01,156832,25544.273,7.9,336070.0,6.09,33898.048,304.628,2121.28402205768,310.968,2058903.0
2023-11-01,157014,25994.639,8.8,336194.0,6.10,35475.423,306.187,1563.6523295753300,312.866,2082923.0
2023-12-01,157304,26408.405,8.2,336306.0,5.94,32814.912,307.288,1404.15013106704,313.661,2101042.0
2024-01-01,157560,26813.601,8.3,336423.0,6.46,31062.131,307.531,4042.5493354572200,314.381,2087508.0
2024-02-01,157796,27063.012,8.9,336550.0,6.04,32229.994,308.024,7801.886828838150,315.548,2105541.0
2024-03-01,158106,27610.128,8.5,336730.0,6.46,35439.668,308.742,4434.93912951371,317.194,2101511.0
2024-04-01,158271,27956.998,9.1,337010.0,6.20,34448.004,309.685,4358.40274598696,318.144,2099039.0
,,,,,6.14,31589.152,311.054,,,
,,,,,6.04,33319.998,312.230,,,
,,,,,5.97,36479.929,313.207,,,
,,,,,5.53,36844.036,,,,
,,,,,5.47,QBPLNTLN90DU,,,,
,,,,,5.19,15518.454,,,,
,,,,,5.14,14663.15,,,,
,,,,,5.10,15585.007,,,,
,,,,,5.01,16038.281,,,,
,,,,,4.96,14750.352,,,,
,,,,,5.12,15445.065,,,,
,,,,,5.10,19632.499,,,,
,,,,,5.25,21047.025,,,,
,,,,,5.16,19770.629,,,,
,,,,,5.04,19875.509,,,,
,,,,,5.07,21101.586,,,,
,,,,,5.15,22274.529,,,,
,,,,,5.03,21918.176,,,,
,,,,,4.98,22507.406,,,,
,,,,,4.85,26080.553,,,,
,,,,,4.78,31514.875,,,,
,,,,,4.87,33867.537,,,,
,,,,,4.82,35221.661,,,,
,,,,,4.80,46588.192,,,,
,,,,,4.78,74846.247,,,,
,,,,,4.84,90942.277,,,,
,,,,,4.86,98825.22,,,,
,,,,,4.82,109537.779,,,,
,,,,,4.91,129902.812,,,,
,,,,,5.29,143738.191,,,,
,,,,,5.59,133273.993,,,,
,,,,,5.38,131318.446,,,,
,,,,,5.42,129038.284,,,,
,,,,,5.32,125934.097,,,,
,,,,,5.20,121928.906,,,,
,,,,,5.14,126916.807,,,,
,,,,,5.20,133583.05,,,,
,,,,,5.25,131691.992,,,,
,,,,,5.22,128075.144,,,,
,,,,,5.29,130111.453,,,,
,,,,,5.12,123665.56,,,,
,,,,,5.14,119802.795,,,,
,,,,,5.08,109334.587,,,,
,,,,,5.07,99745.645,,,,
,,,,,5.04,96664.764,,,,
,,,,,5.04,89401.877,,,,
,,,,,4.94,83260.119,,,,
,,,,,4.87,79330.275,,,,
,,,,,4.92,75601.168,,,,
,,,,,5.00,68793.74,,,,
,,,,,5.03,62937.676,,,,
,,,,,4.98,60293.411,,,,
,,,,,4.91,60737.651,,,,
,,,,,4.83,56682.34,,,,
,,,,,4.78,52738.251,,,,
,,,,,4.71,52730.627,,,,
,,,,,4.81,53770.142,,,,
,,,,,4.94,49951.038,,,,
,,,,,5.05,46153.783,,,,
,,,,,5.14,47122.093,,,,
,,,,,5.09,51049.547,,,,
,,,,,5.06,47682.911,,,,
,,,,,4.99,42741.863,,,,
,,,,,4.98,41618.367,,,,
,,,,,5.01,42132.342,,,,
,,,,,4.97,40153.61,,,,
,,,,,4.93,37596.802,,,,
,,,,,5.05,38146.251,,,,
,,,,,4.97,40154.297,,,,
,,,,,4.95,37854.203,,,,
,,,,,4.96,41394.055,,,,
,,,,,4.99,43496.157,,,,
,,,,,5.08,44205.109,,,,
,,,,,5.21,41561.071,,,,
,,,,,5.07,35270.621,,,,
,,,,,5.07,33898.048,,,,
,,,,,5.06,35475.423,,,,
,,,,,5.00,32814.912,,,,
,,,,,4.93,31062.131,,,,
,,,,,4.84,32229.994,,,,
,,,,,4.78,35439.668,,,,
,,,,,4.79,34448.004,,,,
,,,,,4.72,31589.152,,,,
,,,,,4.75,33319.998,,,,
,,,,,4.69,36479.929,,,,
,,,,,4.58,36844.036,,,,
,,,,,4.57,QBPLNTLN90DU,,,,
,,,,,4.57,15518.454,,,,
,,,,,4.56,14663.15,,,,
,,,,,4.54,15585.007,,,,
,,,,,4.49,16038.281,,,,
,,,,,4.44,14750.352,,,,
,,,,,4.42,15445.065,,,,
,,,,,4.36,19632.499,,,,
,,,,,4.32,21047.025,,,,
,,,,,4.35,19770.629,,,,
,,,,,4.37,19875.509,,,,
,,,,,4.37,21101.586,,,,
,,,,,4.32,22274.529,,,,
,,,,,4.27,21918.176,,,,
,,,,,4.19,22507.406,,,,
,,,,,4.21,26080.553,,,,
,,,,,4.23,31514.875,,,,
,,,,,4.24,33867.537,,,,
,,,,,4.17,35221.661,,,,
,,,,,4.39,46588.192,,,,
,,,,,4.40,74846.247,,,,
,,,,,4.46,90942.277,,,,
,,,,,4.61,98825.22,,,,
,,,,,4.83,109537.779,,,,
,,,,,4.81,129902.812,,,,
,,,,,4.86,143738.191,,,,
,,,,,4.77,133273.993,,,,
,,,,,4.71,131318.446,,,,
,,,,,4.74,129038.284,,,,
,,,,,4.80,125934.097,,,,
,,,,,4.81,121928.906,,,,
,,,,,5.05,126916.807,,,,
,,,,,5.00,133583.05,,,,
,,,,,4.95,131691.992,,,,
,,,,,4.87,128075.144,,,,
,,,,,4.88,130111.453,,,,
,,,,,4.76,123665.56,,,,
,,,,,4.81,119802.795,,,,
,,,,,4.86,109334.587,,,,
,,,,,4.87,99745.645,,,,
,,,,,4.91,96664.764,,,,
,,,,,4.80,89401.877,,,,
,,,,,4.78,83260.119,,,,
,,,,,4.71,79330.275,,,,
,,,,,4.63,75601.168,,,,
,,,,,4.61,68793.74,,,,
,,,,,4.60,62937.676,,,,
,,,,,4.55,60293.411,,,,
,,,,,4.49,60737.651,,,,
,,,,,4.50,56682.34,,,,
,,,,,4.50,52738.251,,,,
,,,,,4.51,52730.627,,,,
,,,,,4.60,53770.142,,,,
,,,,,4.51,49951.038,,,,
,,,,,4.52,46153.783,,,,
,,,,,4.55,47122.093,,,,
,,,,,4.39,51049.547,,,,
,,,,,4.32,47682.911,,,,
,,,,,4.15,42741.863,,,,
,,,,,4.22,41618.367,,,,
,,,,,4.22,42132.342,,,,
,,,,,4.12,40153.61,,,,
,,,,,4.09,37596.802,,,,
,,,,,4.09,38146.251,,,,
,,,,,4.01,40154.297,,,,
,,,,,3.94,37854.203,,,,
,,,,,4.12,41394.055,,,,
,,,,,4.11,43496.157,,,,
,,,,,4.10,44205.109,,,,
,,,,,4.00,41561.071,,,,
,,,,,3.99,35270.621,,,,
,,,,,4.00,33898.048,,,,
,,,,,3.98,35475.423,,,,
,,,,,4.00,32814.912,,,,
,,,,,3.99,31062.131,,,,
,,,,,3.94,32229.994,,,,
,,,,,3.91,35439.668,,,,
,,,,,3.95,34448.004,,,,
,,,,,3.91,31589.152,,,,
,,,,,3.89,33319.998,,,,
,,,,,3.88,36479.929,,,,
,,,,,3.98,36844.036,,,,
,,,,,3.87,QBPLNTLN90DU,,,,
,,,,,3.87,15518.454,,,,
,,,,,3.87,14663.15,,,,
,,,,,3.95,15585.007,,,,
,,,,,3.90,16038.281,,,,
,,,,,3.88,14750.352,,,,
,,,,,3.92,15445.065,,,,
,,,,,4.08,19632.499,,,,
,,,,,3.99,21047.025,,,,
,,,,,3.98,19770.629,,,,
,,,,,3.88,19875.509,,,,
,,,,,3.90,21101.586,,,,
,,,,,3.88,22274.529,,,,
,,,,,3.84,21918.176,,,,
,,,,,3.83,22507.406,,,,
,,,,,3.79,26080.553,,,,
,,,,,3.78,31514.875,,,,
,,,,,3.75,33867.537,,,,
,,,,,3.67,35221.661,,,,
,,,,,3.71,46588.192,,,,
,,,,,3.66,74846.247,,,,
,,,,,3.66,90942.277,,,,
,,,,,3.62,98825.22,,,,
,,,,,3.56,109537.779,,,,
,,,,,3.53,129902.812,,,,
,,,,,3.49,143738.191,,,,
,,,,,3.55,133273.993,,,,
,,,,,3.59,131318.446,,,,
,,,,,3.62,129038.284,,,,
,,,,,3.66,125934.097,,,,
,,,,,3.59,121928.906,,,,
,,,,,3.55,126916.807,,,,
,,,,,3.55,133583.05,,,,
,,,,,3.49,131691.992,,,,
,,,,,3.40,128075.144,,,,
,,,,,3.36,130111.453,,,,
,,,,,3.39,123665.56,,,,
,,,,,3.37,119802.795,,,,
,,,,,3.41,109334.587,,,,
,,,,,3.39,99745.645,,,,
,,,,,3.40,96664.764,,,,
,,,,,3.34,89401.877,,,,
,,,,,3.31,83260.119,,,,
,,,,,3.32,79330.275,,,,
,,,,,3.34,75601.168,,,,
,,,,,3.32,68793.74,,,,
,,,,,3.37,62937.676,,,,
,,,,,3.35,60293.411,,,,
,,,,,3.34,60737.651,,,,
,,,,,3.40,56682.34,,,,
,,,,,3.38,52738.251,,,,
,,,,,3.42,52730.627,,,,
,,,,,3.53,53770.142,,,,
,,,,,3.53,49951.038,,,,
,,,,,3.53,46153.783,,,,
,,,,,3.56,47122.093,,,,
,,,,,3.51,51049.547,,,,
,,,,,3.52,47682.911,,,,
,,,,,3.63,42741.863,,,,
,,,,,3.54,41618.367,,,,
,,,,,3.57,42132.342,,,,
,,,,,3.54,40153.61,,,,
,,,,,3.43,37596.802,,,,
,,,,,3.41,38146.251,,,,
,,,,,3.40,40154.297,,,,
,,,,,3.35,37854.203,,,,
,,,,,3.42,41394.055,,,,
,,,,,3.51,43496.157,,,,
,,,,,3.59,44205.109,,,,
,,,,,3.81,41561.071,,,,
,,,,,3.91,35270.621,,,,
,,,,,3.98,33898.048,,,,
,,,,,3.93,35475.423,,,,
,,,,,4.46,32814.912,,,,
,,,,,4.29,31062.131,,,,
,,,,,4.51,32229.994,,,,
,,,,,4.37,35439.668,,,,
,,,,,4.31,34448.004,,,,
,,,,,4.39,31589.152,,,,
,,,,,4.40,33319.998,,,,
,,,,,4.40,36479.929,,,,
,,,,,4.58,36844.036,,,,
,,,,,4.51,QBPLNTLN90DU,,,,
,,,,,4.57,15518.454,,,,
,,,,,4.57,14663.15,,,,
,,,,,4.50,15585.007,,,,
,,,,,4.32,16038.281,,,,
,,,,,4.22,14750.352,,,,
,,,,,4.23,15445.065,,,,
,,,,,4.28,19632.499,,,,
,,,,,4.13,21047.025,,,,
,,,,,4.10,19770.629,,,,
,,,,,4.16,19875.509,,,,
,,,,,4.35,21101.586,,,,
,,,,,4.22,22274.529,,,,
,,,,,4.29,21918.176,,,,
,,,,,4.46,22507.406,,,,
,,,,,4.42,26080.553,,,,
,,,,,4.47,31514.875,,,,
,,,,,4.48,33867.537,,,,
,,,,,4.53,35221.661,,,,
,,,,,4.51,46588.192,,,,
,,,,,4.41,74846.247,,,,
,,,,,4.39,90942.277,,,,
,,,,,4.32,98825.22,,,,
,,,,,4.23,109537.779,,,,
,,,,,4.28,129902.812,,,,
,,,,,4.33,143738.191,,,,
,,,,,4.37,133273.993,,,,
,,,,,4.28,131318.446,,,,
,,,,,4.37,129038.284,,,,
,,,,,4.32,125934.097,,,,
,,,,,4.40,121928.906,,,,
,,,,,4.41,126916.807,,,,
,,,,,4.34,133583.05,,,,
,,,,,4.27,131691.992,,,,
,,,,,4.33,128075.144,,,,
,,,,,4.29,130111.453,,,,
,,,,,4.21,123665.56,,,,
,,,,,4.20,119802.795,,,,
,,,,,4.14,109334.587,,,,
,,,,,4.12,99745.645,,,,
,,,,,4.14,96664.764,,,,
,,,,,4.20,89401.877,,,,
,,,,,4.17,83260.119,,,,
,,,,,4.14,79330.275,,,,
,,,,,4.12,75601.168,,,,
,,,,,4.15,68793.74,,,,
,,,,,4.13,62937.676,,,,
,,,,,4.13,60293.411,,,,
,,,,,4.12,60737.651,,,,
,,,,,4.14,56682.34,,,,
,,,,,4.12,52738.251,,,,
,,,,,4.10,52730.627,,,,
,,,,,4.10,53770.142,,,,
,,,,,4.10,49951.038,,,,
,,,,,4.12,46153.783,,,,
,,,,,4.23,47122.093,,,,
,,,,,4.20,51049.547,,,,
,,,,,4.19,47682.911,,,,
,,,,,4.12,42741.863,,,,
,,,,,3.97,41618.367,,,,
,,,,,3.92,42132.342,,,,
,,,,,3.98,40153.61,,,,
,,,,,4.02,37596.802,,,,
,,,,,4.01,38146.251,,,,
,,,,,3.99,40154.297,,,,
,,,,,3.97,37854.203,,,,
,,,,,3.89,41394.055,,,,
,,,,,3.93,43496.157,,,,
,,,,,3.80,44205.109,,,,
,,,,,3.83,41561.071,,,,
,,,,,3.87,35270.621,,,,
,,,,,3.73,33898.048,,,,
,,,,,3.66,35475.423,,,,
,,,,,3.63,32814.912,,,,
,,,,,3.66,31062.131,,,,
,,,,,3.59,32229.994,,,,
,,,,,3.69,35439.668,,,,
,,,,,3.76,34448.004,,,,
,,,,,3.80,31589.152,,,,
,,,,,3.75,33319.998,,,,
,,,,,3.86,36479.929,,,,
,,,,,3.78,36844.036,,,,
,,,,,3.69,QBPLNTLN90DU,,,,
,,,,,3.70,15518.454,,,,
,,,,,3.66,14663.15,,,,
,,,,,3.67,15585.007,,,,
,,,,,3.65,16038.281,,,,
,,,,,3.68,14750.352,,,,
,,,,,3.80,15445.065,,,,
,,,,,3.85,19632.499,,,,
,,,,,3.84,21047.025,,,,
,,,,,3.87,19770.629,,,,
,,,,,3.87,19875.509,,,,
,,,,,4.04,21101.586,,,,
,,,,,4.00,22274.529,,,,
,,,,,4.02,21918.176,,,,
,,,,,4.08,22507.406,,,,
,,,,,4.04,26080.553,,,,
,,,,,4.09,31514.875,,,,
,,,,,4.04,33867.537,,,,
,,,,,3.98,35221.661,,,,
,,,,,3.91,46588.192,,,,
,,,,,3.94,74846.247,,,,
,,,,,3.93,90942.277,,,,
,,,,,3.84,98825.22,,,,
,,,,,3.89,109537.779,,,,
,,,,,3.90,129902.812,,,,
,,,,,3.91,143738.191,,,,
,,,,,3.86,133273.993,,,,
,,,,,3.85,131318.446,,,,
,,,,,3.76,129038.284,,,,
,,,,,3.82,125934.097,,,,
,,,,,3.79,121928.906,,,,
,,,,,3.76,126916.807,,,,
,,,,,3.87,133583.05,,,,
,,,,,3.98,131691.992,,,,
,,,,,3.97,128075.144,,,,
,,,,,3.95,130111.453,,,,
,,,,,3.93,123665.56,,,,
,,,,,3.95,119802.795,,,,
,,,,,3.97,109334.587,,,,
,,,,,3.96,99745.645,,,,
,,,,,4.01,96664.764,,,,
,,,,,3.97,89401.877,,,,
,,,,,3.92,83260.119,,,,
,,,,,3.81,79330.275,,,,
,,,,,3.79,75601.168,,,,
,,,,,3.72,68793.74,,,,
,,,,,3.65,62937.676,,,,
,,,,,3.65,60293.411,,,,
,,,,,3.62,60737.651,,,,
,,,,,3.64,56682.34,,,,
,,,,,3.68,52738.251,,,,
,,,,,3.73,52730.627,,,,
,,,,,3.71,53770.142,,,,
,,,,,3.71,49951.038,,,,
,,,,,3.59,46153.783,,,,
,,,,,3.58,47122.093,,,,
,,,,,3.59,51049.547,,,,
,,,,,3.66,47682.911,,,,
,,,,,3.61,42741.863,,,,
,,,,,3.57,41618.367,,,,
,,,,,3.58,42132.342,,,,
,,,,,3.64,40153.61,,,,
,,,,,3.66,37596.802,,,,
,,,,,3.60,38146.251,,,,
,,,,,3.54,40154.297,,,,
,,,,,3.56,37854.203,,,,
,,,,,3.48,41394.055,,,,
,,,,,3.41,43496.157,,,,
,,,,,3.42,44205.109,,,,
,,,,,3.45,41561.071,,,,
,,,,,3.48,35270.621,,,,
,,,,,3.43,33898.048,,,,
,,,,,3.45,35475.423,,,,
,,,,,3.43,32814.912,,,,
,,,,,3.43,31062.131,,,,
,,,,,3.46,32229.994,,,,
,,,,,3.44,35439.668,,,,
,,,,,3.50,34448.004,,,,
,,,,,3.48,31589.152,,,,
,,,,,3.42,33319.998,,,,
,,,,,3.42,36479.929,,,,
,,,,,3.47,36844.036,,,,
,,,,,3.52,QBPLNTLN90DU,,,,
,,,,,3.47,15518.454,,,,
,,,,,3.54,14663.15,,,,
,,,,,3.57,15585.007,,,,
,,,,,3.94,16038.281,,,,
,,,,,4.03,14750.352,,,,
,,,,,4.08,15445.065,,,,
,,,,,4.13,19632.499,,,,
,,,,,4.16,21047.025,,,,
,,,,,4.30,19770.629,,,,
,,,,,4.32,19875.509,,,,
,,,,,4.20,21101.586,,,,
,,,,,4.12,22274.529,,,,
,,,,,4.09,21918.176,,,,
,,,,,4.19,22507.406,,,,
,,,,,4.19,26080.553,,,,
,,,,,4.17,31514.875,,,,
,,,,,4.15,33867.537,,,,
,,,,,4.16,35221.661,,,,
,,,,,4.10,46588.192,,,,
,,,,,4.21,74846.247,,,,
,,,,,4.30,90942.277,,,,
,,,,,4.23,98825.22,,,,
,,,,,4.14,109537.779,,,,
,,,,,4.10,129902.812,,,,
,,,,,4.08,143738.191,,,,
,,,,,3.97,133273.993,,,,
,,,,,4.03,131318.446,,,,
,,,,,4.02,129038.284,,,,
,,,,,4.05,125934.097,,,,
,,,,,4.02,121928.906,,,,
,,,,,3.95,126916.807,,,,
,,,,,3.94,133583.05,,,,
,,,,,3.89,131691.992,,,,
,,,,,3.91,128075.144,,,,
,,,,,3.90,130111.453,,,,
,,,,,3.88,123665.56,,,,
,,,,,3.96,119802.795,,,,
,,,,,4.03,109334.587,,,,
,,,,,3.96,99745.645,,,,
,,,,,3.92,96664.764,,,,
,,,,,3.93,89401.877,,,,
,,,,,3.90,83260.119,,,,
,,,,,3.89,79330.275,,,,
,,,,,3.86,75601.168,,,,
,,,,,3.82,68793.74,,,,
,,,,,3.78,62937.676,,,,
,,,,,3.78,60293.411,,,,
,,,,,3.83,60737.651,,,,
,,,,,3.83,56682.34,,,,
,,,,,3.85,52738.251,,,,
,,,,,3.91,52730.627,,,,
,,,,,3.88,53770.142,,,,
,,,,,3.94,49951.038,,,,
,,,,,3.94,46153.783,,,,
,,,,,3.9,47122.093,,,,
,,,,,3.95,51049.547,,,,
,,,,,3.92,47682.911,,,,
,,,,,3.9,42741.863,,,,
,,,,,3.94,41618.367,,,,
,,,,,3.93,42132.342,,,,
,,,,,3.94,40153.61,,,,
,,,,,3.99,37596.802,,,,
,,,,,3.95,38146.251,,,,
,,,,,3.99,40154.297,,,,
,,,,,4.04,37854.203,,,,
,,,,,4.15,41394.055,,,,
,,,,,4.22,43496.157,,,,
,,,,,4.32,44205.109,,,,
,,,,,4.38,41561.071,,,,
,,,,,4.4,35270.621,,,,
,,,,,4.43,33898.048,,,,
,,,,,4.46,35475.423,,,,
,,,,,4.44,32814.912,,,,
,,,,,4.45,31062.131,,,,
,,,,,4.44,32229.994,,,,
,,,,,4.4,35439.668,,,,
,,,,,4.42,34448.004,,,,
,,,,,4.47,31589.152,,,,
,,,,,4.58,33319.998,,,,
,,,,,4.55,36479.929,,,,
,,,,,4.55,36844.036,,,,
,,,,,4.61,QBPLNTLN90DU,,,,
,,,,,4.66,15518.454,,,,
,,,,,4.56,14663.15,,,,
,,,,,4.54,15585.007,,,,
,,,,,4.62,16038.281,,,,
,,,,,4.57,14750.352,,,,
,,,,,4.55,15445.065,,,,
,,,,,4.52,19632.499,,,,
,,,,,4.53,21047.025,,,,
,,,,,4.52,19770.629,,,,
,,,,,4.54,19875.509,,,,
,,,,,4.6,21101.586,,,,
,,,,,4.59,22274.529,,,,
,,,,,4.53,21918.176,,,,
,,,,,4.51,22507.406,,,,
,,,,,4.52,26080.553,,,,
,,,,,4.54,31514.875,,,,
,,,,,4.6,33867.537,,,,
,,,,,4.65,35221.661,,,,
,,,,,4.72,46588.192,,,,
,,,,,4.71,74846.247,,,,
,,,,,4.9,90942.277,,,,
,,,,,4.85,98825.22,,,,
,,,,,4.86,109537.779,,,,
,,,,,4.83,129902.812,,,,
,,,,,4.94,143738.191,,,,
,,,,,4.94,133273.993,,,,
,,,,,4.81,131318.446,,,,
,,,,,4.81,129038.284,,,,
,,,,,4.75,125934.097,,,,
,,,,,4.63,121928.906,,,,
,,,,,4.62,126916.807,,,,
,,,,,4.55,133583.05,,,,
,,,,,4.51,131691.992,,,,
,,,,,4.45,128075.144,,,,
,,,,,4.45,130111.453,,,,
,,,,,4.45,123665.56,,,,
,,,,,4.46,119802.795,,,,
,,,,,4.41,109334.587,,,,
,,,,,4.37,99745.645,,,,
,,,,,4.35,96664.764,,,,
,,,,,4.35,89401.877,,,,
,,,,,4.41,83260.119,,,,
,,,,,4.31,79330.275,,,,
,,,,,4.28,75601.168,,,,
,,,,,4.06,68793.74,,,,
,,,,,4.08,62937.676,,,,
,,,,,4.12,60293.411,,,,
,,,,,4.17,60737.651,,,,
,,,,,4.2,56682.34,,,,
,,,,,4.14,52738.251,,,,
,,,,,4.1,52730.627,,,,
,,,,,4.07,53770.142,,,,
,,,,,4.06,49951.038,,,,
,,,,,3.99,46153.783,,,,
,,,,,3.82,47122.093,,,,
,,,,,3.82,51049.547,,,,
,,,,,3.84,47682.911,,,,
,,,,,3.73,42741.863,,,,
,,,,,3.75,41618.367,,,,
,,,,,3.75,42132.342,,,,
,,,,,3.81,40153.61,,,,
,,,,,3.75,37596.802,,,,
,,,,,3.75,38146.251,,,,
,,,,,3.6,40154.297,,,,
,,,,,3.6,37854.203,,,,
,,,,,3.55,41394.055,,,,
,,,,,3.58,43496.157,,,,
,,,,,3.49,44205.109,,,,
,,,,,3.56,41561.071,,,,
,,,,,3.73,35270.621,,,,
,,,,,3.64,33898.048,,,,
,,,,,3.65,35475.423,,,,
,,,,,3.57,32814.912,,,,
,,,,,3.69,31062.131,,,,
,,,,,3.75,32229.994,,,,
,,,,,3.78,35439.668,,,,
,,,,,3.69,34448.004,,,,
,,,,,3.75,31589.152,,,,
,,,,,3.66,33319.998,,,,
,,,,,3.68,36479.929,,,,
,,,,,3.68,36844.036,,,,
,,,,,3.73,QBPLNTLN90DU,,,,
,,,,,3.73,15518.454,,,,
,,,,,3.74,14663.15,,,,
,,,,,3.72,15585.007,,,,
,,,,,3.64,16038.281,,,,
,,,,,3.65,14750.352,,,,
,,,,,3.6,15445.065,,,,
,,,,,3.51,19632.499,,,,
,,,,,3.45,21047.025,,,,
,,,,,3.47,19770.629,,,,
,,,,,3.49,19875.509,,,,
,,,,,3.45,21101.586,,,,
,,,,,3.29,22274.529,,,,
,,,,,3.36,21918.176,,,,
,,,,,3.65,22507.406,,,,
,,,,,3.5,26080.553,,,,
,,,,,3.33,31514.875,,,,
,,,,,3.33,33867.537,,,,
,,,,,3.31,35221.661,,,,
,,,,,3.33,46588.192,,,,
,,,,,3.23,74846.247,,,,
,,,,,3.26,90942.277,,,,
,,,,,3.28,98825.22,,,,
,,,,,3.24,109537.779,,,,
,,,,,3.15,129902.812,,,,
,,,,,3.18,143738.191,,,,
,,,,,3.21,133273.993,,,,
,,,,,3.13,131318.446,,,,
,,,,,3.13,129038.284,,,,
,,,,,3.07,125934.097,,,,
,,,,,3.03,121928.906,,,,
,,,,,2.98,126916.807,,,,
,,,,,3.01,133583.05,,,,
,,,,,2.99,131691.992,,,,
,,,,,2.88,128075.144,,,,
,,,,,2.96,130111.453,,,,
,,,,,2.99,123665.56,,,,
,,,,,2.91,119802.795,,,,
,,,,,2.93,109334.587,,,,
,,,,,2.86,99745.645,,,,
,,,,,2.87,96664.764,,,,
,,,,,2.9,89401.877,,,,
,,,,,2.88,83260.119,,,,
,,,,,2.87,79330.275,,,,
,,,,,2.81,75601.168,,,,
,,,,,2.8,68793.74,,,,
,,,,,2.81,62937.676,,,,
,,,,,2.78,60293.411,,,,
,,,,,2.84,60737.651,,,,
,,,,,2.72,56682.34,,,,
,,,,,2.72,52738.251,,,,
,,,,,2.71,52730.627,,,,
,,,,,2.71,53770.142,,,,
,,,,,2.67,49951.038,,,,
,,,,,2.66,46153.783,,,,
,,,,,2.67,47122.093,,,,
,,,,,2.65,51049.547,,,,
,,,,,2.79,47682.911,,,,
,,,,,2.77,42741.863,,,,
,,,,,2.73,41618.367,,,,
,,,,,2.73,42132.342,,,,
,,,,,2.73,40153.61,,,,
,,,,,2.81,37596.802,,,,
,,,,,2.97,38146.251,,,,
,,,,,3.02,40154.297,,,,
,,,,,3.05,37854.203,,,,
,,,,,3.09,41394.055,,,,
,,,,,3.17,43496.157,,,,
,,,,,3.18,44205.109,,,,
,,,,,3.13,41561.071,,,,
,,,,,3.04,35270.621,,,,
,,,,,2.97,33898.048,,,,
,,,,,2.98,35475.423,,,,
,,,,,2.96,32814.912,,,,
,,,,,2.94,31062.131,,,,
,,,,,3.0,32229.994,,,,
,,,,,2.95,35439.668,,,,
,,,,,2.99,34448.004,,,,
,,,,,2.96,31589.152,,,,
,,,,,2.93,33319.998,,,,
,,,,,3.02,36479.929,,,,
,,,,,2.98,36844.036,,,,
,,,,,2.9,QBPLNTLN90DU,,,,
,,,,,2.88,15518.454,,,,
,,,,,2.78,14663.15,,,,
,,,,,2.8,15585.007,,,,
,,,,,2.77,16038.281,,,,
,,,,,2.87,14750.352,,,,
,,,,,2.86,15445.065,,,,
,,,,,2.87,19632.499,,,,
,,,,,2.87,21047.025,,,,
,,,,,2.88,19770.629,,,,
,,,,,2.86,19875.509,,,,
,,,,,2.88,21101.586,,,,
,,,,,3.01,22274.529,,,,
,,,,,2.99,21918.176,,,,
,,,,,3.05,22507.406,,,,
,,,,,3.09,26080.553,,,,
,,,,,3.14,31514.875,,,,
,,,,,3.09,33867.537,,,,
,,,,,2.98,35221.661,,,,
,,,,,3.1,46588.192,,,,
,,,,,3.1,74846.247,,,,
,,,,,3.11,90942.277,,,,
,,,,,3.1,98825.22,,,,
,,,,,3.12,109537.779,,,,
,,,,,3.05,129902.812,,,,
,,,,,3.11,143738.191,,,,
,,,,,3.22,133273.993,,,,
,,,,,3.45,131318.446,,,,
,,,,,3.56,129038.284,,,,
,,,,,3.55,125934.097,,,,
,,,,,3.55,121928.906,,,,
,,,,,3.69,126916.807,,,,
,,,,,3.92,133583.05,,,,
,,,,,3.89,131691.992,,,,
,,,,,3.76,128075.144,,,,
,,,,,3.85,130111.453,,,,
,,,,,4.16,123665.56,,,,
,,,,,4.42,119802.795,,,,
,,,,,4.67,109334.587,,,,
,,,,,4.72,99745.645,,,,
,,,,,5.0,96664.764,,,,
,,,,,5.11,89401.877,,,,
,,,,,5.1,83260.119,,,,
,,,,,5.27,79330.275,,,,
,,,,,5.3,75601.168,,,,
,,,,,5.25,68793.74,,,,
,,,,,5.1,62937.676,,,,
,,,,,5.09,60293.411,,,,
,,,,,5.23,60737.651,,,,
,,,,,5.78,56682.34,,,,
,,,,,5.81,52738.251,,,,
,,,,,5.7,52730.627,,,,
,,,,,5.3,53770.142,,,,
,,,,,5.51,49951.038,,,,
,,,,,5.54,46153.783,,,,
,,,,,5.3,47122.093,,,,
,,,,,4.99,51049.547,,,,
,,,,,5.22,47682.911,,,,
,,,,,5.13,42741.863,,,,
,,,,,5.55,41618.367,,,,
,,,,,5.66,42132.342,,,,
,,,,,5.89,40153.61,,,,
,,,,,6.02,37596.802,,,,
,,,,,6.29,38146.251,,,,
,,,,,6.7,40154.297,,,,
,,,,,6.66,37854.203,,,,
,,,,,6.92,41394.055,,,,
,,,,,6.94,43496.157,,,,
,,,,,7.08,44205.109,,,,
,,,,,6.95,41561.071,,,,
,,,,,7.08,35270.621,,,,
,,,,,6.61,33898.048,,,,
,,,,,6.58,35475.423,,,,
,,,,,6.49,32814.912,,,,
,,,,,6.33,31062.131,,,,
,,,,,6.31,32229.994,,,,
,,,,,6.27,35439.668,,,,
,,,,,6.42,34448.004,,,,
,,,,,6.48,31589.152,,,,
,,,,,6.33,33319.998,,,,
,,,,,6.15,36479.929,,,,
,,,,,6.13,36844.036,,,,
,,,,,6.09,QBPLNTLN90DU,,,,
,,,,,6.12,15518.454,,,,
,,,,,6.32,14663.15,,,,
,,,,,6.5,15585.007,,,,
,,,,,6.65,16038.281,,,,
,,,,,6.73,14750.352,,,,
,,,,,6.6,15445.065,,,,
,,,,,6.42,19632.499,,,,
,,,,,6.32,21047.025,,,,
,,,,,6.28,19770.629,,,,
,,,,,6.27,19875.509,,,,
,,,,,6.39,21101.586,,,,
,,,,,6.43,22274.529,,,,
,,,,,6.39,21918.176,,,,
,,,,,6.35,22507.406,,,,
,,,,,6.39,26080.553,,,,
,,,,,6.57,31514.875,,,,
,,,,,6.79,33867.537,,,,
,,,,,6.71,35221.661,,,,
,,,,,6.69,46588.192,,,,
,,,,,6.67,74846.247,,,,
,,,,,6.71,90942.277,,,,
,,,,,6.81,98825.22,,,,
,,,,,6.96,109537.779,,,,
,,,,,6.78,129902.812,,,,
,,,,,6.81,143738.191,,,,
,,,,,6.9,133273.993,,,,
,,,,,6.96,131318.446,,,,
,,,,,7.09,129038.284,,,,
,,,,,7.23,125934.097,,,,
,,,,,7.18,121928.906,,,,
,,,,,7.12,126916.807,,,,
,,,,,7.18,133583.05,,,,
,,,,,7.19,131691.992,,,,
,,,,,7.31,128075.144,,,,
,,,,,7.49,130111.453,,,,
,,,,,7.57,123665.56,,,,
,,,,,7.63,119802.795,,,,
,,,,,7.79,109334.587,,,,
,,,,,7.76,99745.645,,,,
,,,,,7.5,96664.764,,,,
,,,,,7.44,89401.877,,,,
,,,,,7.29,83260.119,,,,
,,,,,7.22,79330.275,,,,
,,,,,7.03,75601.168,,,,
,,,,,6.95,68793.74,,,,
,,,,,6.67,62937.676,,,,
,,,,,6.61,60293.411,,,,
,,,,,6.62,60737.651,,,,
,,,,,6.66,56682.34,,,,
,,,,,6.6,52738.251,,,,
,,,,,6.69,52730.627,,,,
,,,,,6.63,53770.142,,,,
,,,,,6.64,49951.038,,,,
,,,,,6.77,46153.783,,,,
,,,,,6.9,47122.093,,,,
,,,,,6.94,51049.547,,,,
,,,,,6.88,47682.911,,,,
,,,,,6.74,42741.863,,,,
,,,,,6.87,41618.367,,,,
,,,,,6.79,42132.342,,,,